"SNP","chr","pos","beta.outcome","se.outcome","samplesize.outcome","pval.outcome","eaf.outcome","effect_allele.outcome","other_allele.outcome","outcome","id.outcome","originalname.outcome","outcome.deprecated","mr_keep.outcome","data_source.outcome","proxy.outcome","target_snp.outcome","proxy_snp.outcome","target_a1.outcome","target_a2.outcome","proxy_a1.outcome","proxy_a2.outcome"
"rs67274221","3","56888845",-0.093511,0.001915,460935,0,0.456749,"A","G","Mean platelet volume || id:ebi-a-GCST90002346","ebi-a-GCST90002346","Mean platelet volume","Mean platelet volume ||  || ",TRUE,"igd",,,,,,,
"rs35604230","6","31768305",0.058732,0.003065,460935,9.20026e-82,0.110079,"A","G","Mean platelet volume || id:ebi-a-GCST90002346","ebi-a-GCST90002346","Mean platelet volume","Mean platelet volume ||  || ",TRUE,"igd",,,,,,,
"rs15734","3","8615489",0.0155001,0.00257448,408112,1.7e-09,0.790308,"G","A","Platelet count || id:ebi-a-GCST90002402","ebi-a-GCST90002402","Platelet count","Platelet count ||  || ",TRUE,"igd",,,,,,,
"rs67274221","3","56888845",0.0569903,0.00211044,408112,1.30017e-160,0.457979,"A","G","Platelet count || id:ebi-a-GCST90002402","ebi-a-GCST90002402","Platelet count","Platelet count ||  || ",TRUE,"igd",,,,,,,
"rs35604230","6","31768305",-0.0266179,0.0033499,408112,1.9002e-15,0.110597,"A","G","Platelet count || id:ebi-a-GCST90002402","ebi-a-GCST90002402","Platelet count","Platelet count ||  || ",TRUE,"igd",,,,,,,
"rs35604230","6","31768305",-0.664047,0.029296,520580,9.59401e-114,0.0984,"A","G","Type 1 diabetes || id:ebi-a-GCST90014023","ebi-a-GCST90014023","Type 1 diabetes","Type 1 diabetes ||  || ",TRUE,"igd",,,,,,,
"rs2131242","11","69839305",0.1138,0.0143,487553,2.054e-15,0.0894143,"A","G","Cholelithiasis || id:ebi-a-GCST90018819","ebi-a-GCST90018819","Cholelithiasis","Cholelithiasis ||  || ",TRUE,"igd",,,,,,,
"rs6733452","2","44094845",0.6974,0.0357,487553,4.93401e-85,0.0190789,"A","G","Cholelithiasis || id:ebi-a-GCST90018819","ebi-a-GCST90018819","Cholelithiasis","Cholelithiasis ||  || ",TRUE,"igd",,,,,,,
"rs60541816","7","87127861",-0.1379,0.011,487553,4.90456e-36,0.170814,"A","G","Cholelithiasis || id:ebi-a-GCST90018819","ebi-a-GCST90018819","Cholelithiasis","Cholelithiasis ||  || ",TRUE,"igd",,,,,,,
"rs6733452","2","44094845",0.5951,0.0329,,6.42688e-73,0.03042,"A","G","Disorders of gallbladder, biliary tract and pancreas || id:finn-b-K11_GALLBILPANC","finn-b-K11_GALLBILPANC","Disorders of gallbladder, biliary tract and pancreas","Disorders of gallbladder, biliary tract and pancreas ||  || ",TRUE,"igd",,,,,,,
"rs60541816","7","87127861",-0.1729,0.016,,2.76312e-27,0.1349,"A","G","Disorders of gallbladder, biliary tract and pancreas || id:finn-b-K11_GALLBILPANC","finn-b-K11_GALLBILPANC","Disorders of gallbladder, biliary tract and pancreas","Disorders of gallbladder, biliary tract and pancreas ||  || ",TRUE,"igd",,,,,,,
"rs6733452","2","44094845",-0.112295,0.0078586,431167,2.49977e-46,0.015325,"A","G","Low density lipoprotein cholesterol levels || id:ebi-a-GCST90002412","ebi-a-GCST90002412","Low density lipoprotein cholesterol levels","Low density lipoprotein cholesterol levels ||  || ",TRUE,"igd",,,,,,,
"rs60541816","7","87127861",-0.0199509,0.00276446,431167,5.30029e-13,0.139553,"A","G","Low density lipoprotein cholesterol levels || id:ebi-a-GCST90002412","ebi-a-GCST90002412","Low density lipoprotein cholesterol levels","Low density lipoprotein cholesterol levels ||  || ",TRUE,"igd",,,,,,,
"rs60541816","7","87127861",-0.0337,0.0025,344136,4.43609e-42,0.176389,"A","G","Alanine aminotransferase levels || id:ebi-a-GCST90018943","ebi-a-GCST90018943","Alanine aminotransferase levels","Alanine aminotransferase levels ||  || ",TRUE,"igd",,,,,,,
"rs35604230","6","31768305",-0.34249,0.0281587,58284,4.90004e-34,,"A","G","Rheumatoid arthritis || id:ieu-a-832","ieu-a-832","Rheumatoid arthritis","Rheumatoid arthritis ||  || ",TRUE,"igd",,,,,,,
"rs35604230","6","31768305",-0.0104254,0.0013339,368929,5.30029e-18,0.11095,"A","G","Sex hormone-binding globulin levels adjusted for BMI || id:ebi-a-GCST90012110","ebi-a-GCST90012110","Sex hormone-binding globulin levels adjusted for BMI","Sex hormone-binding globulin levels adjusted for BMI ||  || ",TRUE,"igd",,,,,,,
"rs35604230","6","31768305",-0.0273376,0.00317374,462117,7.10068e-18,0.11045,"A","G","Hip circumference || id:ukb-b-15590","ukb-b-15590","Hip circumference","Hip circumference ||  || ",TRUE,"igd",,,,,,,
"rs35604230","6","31768305",-0.0274735,0.00320884,454588,1.10002e-17,0.110444,"A","G","Trunk fat mass || id:ukb-b-20044","ukb-b-20044","Trunk fat mass","Trunk fat mass ||  || ",TRUE,"igd",,,,,,,
"rs35604230","6","31768305",0.4201,0.0495,717342,2.17921e-17,0.1086,"A","G","systolic blood pressure || id:ieu-b-38","ieu-b-38","systolic blood pressure","systolic blood pressure ||  || ",TRUE,"igd",,,,,,,
"rs6733452","2","44094845",-0.084,0.0099,344278,2.33292e-17,0.014494,"A","G","Total cholesterol levels || id:ebi-a-GCST90018974","ebi-a-GCST90018974","Total cholesterol levels","Total cholesterol levels ||  || ",TRUE,"igd",,,,,,,
"rs35604230","6","31768305",-0.0254346,0.00315031,461460,6.79986e-16,0.110459,"A","G","Body mass index (BMI) || id:ukb-b-19953","ukb-b-19953","Body mass index (BMI)","Body mass index (BMI) ||  || ",TRUE,"igd",,,,,,,
"rs35604230","6","31768305",0.2213,0.0283,736647,5.51442e-15,0.1082,"A","G","diastolic blood pressure || id:ieu-b-39","ieu-b-39","diastolic blood pressure","diastolic blood pressure ||  || ",TRUE,"igd",,,,,,,
"rs6733452","2","44094845",-0.018354,0.0024156,342590,3.01093e-14,0.014503,"A","G","Apoliprotein B || id:ukb-d-30640_raw","ukb-d-30640_raw","Apoliprotein B","Apoliprotein B ||  || ",TRUE,"igd",,,,,,,
"rs35604230","6","31768305",0.0245892,0.00337557,408112,3.19963e-13,0.111019,"A","G","Eosinophil counts || id:ebi-a-GCST90002381","ebi-a-GCST90002381","Eosinophil counts","Eosinophil counts ||  || ",TRUE,"igd",,,,,,,
"rs35604230","6","31768305",-0.0205062,0.00282834,389404,4.16006e-13,,"A","G","Urate levels (UKB data field 30880) || id:ebi-a-GCST90014015","ebi-a-GCST90014015","Urate levels (UKB data field 30880)","Urate levels (UKB data field 30880) ||  || ",TRUE,"igd",,,,,,,
"rs35604230","6","31768305",0.021171,0.002952,562259,7.65949e-13,0.108787,"A","G","Hematocrit || id:ebi-a-GCST90002304","ebi-a-GCST90002304","Hematocrit","Hematocrit ||  || ",TRUE,"igd",,,,,,,
"rs60541816","7","87127861",-0.0179,0.0025,342990,1.58307e-12,0.176352,"A","G","Aspartate aminotransferase levels || id:ebi-a-GCST90018944","ebi-a-GCST90018944","Aspartate aminotransferase levels","Aspartate aminotransferase levels ||  || ",TRUE,"igd",,,,,,,
"rs35604230","6","31768305",0.0243171,0.0037638,350473,1.04299e-10,0.111435,"A","G","Mean corpuscular volume || id:ukb-d-30040_irnt","ukb-d-30040_irnt","Mean corpuscular volume","Mean corpuscular volume ||  || ",TRUE,"igd",,,,,,,
"rs35604230","6","31768305",-0.1745,0.0271,,1.15601e-10,0.06064,"A","G","Diabetic retinopathy (DM_RETINOPATHY) || id:finn-b-DM_RETINOPATHY","finn-b-DM_RETINOPATHY","Diabetic retinopathy (DM_RETINOPATHY)","Diabetic retinopathy (DM_RETINOPATHY) ||  || ",TRUE,"igd",,,,,,,
"rs60541816","7","87127861",0.0139034,0.00225688,673878,1.79999e-10,0.139519,"A","G","Height || id:ebi-a-GCST90029008","ebi-a-GCST90029008","Height","Height ||  || ",TRUE,"igd",,,,,,,
"rs15734","3","8615489",0.0162223,0.00257575,436424,2.99999e-10,0.790889,"G","A","Pulse rate, automated reading || id:ukb-b-18103","ukb-b-18103","Pulse rate, automated reading","Pulse rate, automated reading ||  || ",TRUE,"igd",,,,,,,
"rs35604230","6","31768305",-0.00430368,0.000740695,484598,1.09999e-09,0.111483,"A","G","Thyroid problem (not cancer) || id:ebi-a-GCST90038635","ebi-a-GCST90038635","Thyroid problem (not cancer)","Thyroid problem (not cancer) ||  || ",TRUE,"igd",,,,,,,
"rs35604230","6","31768305",0.0276,0.0046,,1.935e-09,0.1061,"A","G","Age at menarche || id:ieu-b-5136","ieu-b-5136","Age at menarche","Age at menarche ||  || ",TRUE,"igd",,,,,,,
