mediator_id,exposure,matching_key_type,nsnp,b,se,pval,source
finn-b-K11_GALLBILPANC,"Disorders of gallbladder, biliary tract and pancreas || id:finn-b-K11_GALLBILPANC",mediator_id_extracted_from_legacy_exposure,23,0.8076294,0.1755103,4.2e-6,scripts/phewas-followup-g2.html from commit 67fe24519222a1d6228d9d722df35569d33319cf; original stored pooled table
ebi-a-GCST90018819,Cholelithiasis || id:ebi-a-GCST90018819,mediator_id_extracted_from_legacy_exposure,45,0.6672107,0.1509026,9.8e-6,scripts/phewas-followup-g2.html from commit 67fe24519222a1d6228d9d722df35569d33319cf; original stored pooled table
ebi-a-GCST90002402,Platelet count || id:ebi-a-GCST90002402,mediator_id_extracted_from_legacy_exposure,489,0.2073842,0.0791797,0.0088147,scripts/phewas-followup-g2.html from commit 67fe24519222a1d6228d9d722df35569d33319cf; original stored pooled table
ieu-a-832,Rheumatoid arthritis || id:ieu-a-832,mediator_id_extracted_from_legacy_exposure,38,0.1495258,0.0584489,0.0105206,scripts/phewas-followup-g2.html from commit 67fe24519222a1d6228d9d722df35569d33319cf; original stored pooled table
ieu-b-39,diastolic blood pressure || id:ieu-b-39,mediator_id_extracted_from_legacy_exposure,444,0.0242774,0.0131971,0.0658259,scripts/phewas-followup-g2.html from commit 67fe24519222a1d6228d9d722df35569d33319cf; original stored pooled table
ieu-b-5136,Age at menarche || id:ieu-b-5136,mediator_id_extracted_from_legacy_exposure,449,-0.0997302,0.0764315,0.1919504,scripts/phewas-followup-g2.html from commit 67fe24519222a1d6228d9d722df35569d33319cf; original stored pooled table
ebi-a-GCST90014015,Urate levels (UKB data field 30880) || id:ebi-a-GCST90014015,mediator_id_extracted_from_legacy_exposure,283,-0.1963463,0.1593262,0.2178167,scripts/phewas-followup-g2.html from commit 67fe24519222a1d6228d9d722df35569d33319cf; original stored pooled table
ukb-b-19953,Body mass index (BMI) || id:ukb-b-19953,mediator_id_extracted_from_legacy_exposure,441,0.161052,0.1310596,0.2191296,scripts/phewas-followup-g2.html from commit 67fe24519222a1d6228d9d722df35569d33319cf; original stored pooled table
ebi-a-GCST90029008,Height || id:ebi-a-GCST90029008,mediator_id_extracted_from_legacy_exposure,841,-0.0908782,0.0793025,0.2518085,scripts/phewas-followup-g2.html from commit 67fe24519222a1d6228d9d722df35569d33319cf; original stored pooled table
ukb-b-18103,"Pulse rate, automated reading || id:ukb-b-18103",mediator_id_extracted_from_legacy_exposure,274,0.1458582,0.1393721,0.2953126,scripts/phewas-followup-g2.html from commit 67fe24519222a1d6228d9d722df35569d33319cf; original stored pooled table
ebi-a-GCST90018943,Alanine aminotransferase levels || id:ebi-a-GCST90018943,mediator_id_extracted_from_legacy_exposure,199,0.1804863,0.2023709,0.3724685,scripts/phewas-followup-g2.html from commit 67fe24519222a1d6228d9d722df35569d33319cf; original stored pooled table
ebi-a-GCST90002346,Mean platelet volume || id:ebi-a-GCST90002346,mediator_id_extracted_from_legacy_exposure,488,-0.0484382,0.0608392,0.4259343,scripts/phewas-followup-g2.html from commit 67fe24519222a1d6228d9d722df35569d33319cf; original stored pooled table
ebi-a-GCST90014023,Type 1 diabetes || id:ebi-a-GCST90014023,mediator_id_extracted_from_legacy_exposure,77,-0.0273206,0.037826,0.4701273,scripts/phewas-followup-g2.html from commit 67fe24519222a1d6228d9d722df35569d33319cf; original stored pooled table
ebi-a-GCST90018974,Total cholesterol levels || id:ebi-a-GCST90018974,mediator_id_extracted_from_legacy_exposure,168,0.0969667,0.1469436,0.509324,scripts/phewas-followup-g2.html from commit 67fe24519222a1d6228d9d722df35569d33319cf; original stored pooled table
ebi-a-GCST90038635,Thyroid problem (not cancer) || id:ebi-a-GCST90038635,mediator_id_extracted_from_legacy_exposure,126,0.6534319,1.0261779,0.5242794,scripts/phewas-followup-g2.html from commit 67fe24519222a1d6228d9d722df35569d33319cf; original stored pooled table
ukb-d-30040_irnt,Mean corpuscular volume || id:ukb-d-30040_irnt,mediator_id_extracted_from_legacy_exposure,330,-0.0399442,0.0767309,0.6026628,scripts/phewas-followup-g2.html from commit 67fe24519222a1d6228d9d722df35569d33319cf; original stored pooled table
ebi-a-GCST90002381,Eosinophil counts || id:ebi-a-GCST90002381,mediator_id_extracted_from_legacy_exposure,379,0.0380408,0.0987722,0.7001361,scripts/phewas-followup-g2.html from commit 67fe24519222a1d6228d9d722df35569d33319cf; original stored pooled table
ukb-b-20044,Trunk fat mass || id:ukb-b-20044,mediator_id_extracted_from_legacy_exposure,406,0.0478869,0.1409581,0.73406419999999994,scripts/phewas-followup-g2.html from commit 67fe24519222a1d6228d9d722df35569d33319cf; original stored pooled table
ieu-b-38,systolic blood pressure || id:ieu-b-38,mediator_id_extracted_from_legacy_exposure,446,-0.0028046,0.008277,0.7347244,scripts/phewas-followup-g2.html from commit 67fe24519222a1d6228d9d722df35569d33319cf; original stored pooled table
ebi-a-GCST90012110,Sex hormone-binding globulin levels adjusted for BMI || id:ebi-a-GCST90012110,mediator_id_extracted_from_legacy_exposure,410,-0.05988,0.19942,0.7639707,scripts/phewas-followup-g2.html from commit 67fe24519222a1d6228d9d722df35569d33319cf; original stored pooled table
ukb-b-15590,Hip circumference || id:ukb-b-15590,mediator_id_extracted_from_legacy_exposure,403,0.0417174,0.1423778,0.7695185,scripts/phewas-followup-g2.html from commit 67fe24519222a1d6228d9d722df35569d33319cf; original stored pooled table
finn-b-DM_RETINOPATHY,Diabetic retinopathy (DM_RETINOPATHY) || id:finn-b-DM_RETINOPATHY,mediator_id_extracted_from_legacy_exposure,8,-0.019223,0.1456891,0.8950273,scripts/phewas-followup-g2.html from commit 67fe24519222a1d6228d9d722df35569d33319cf; original stored pooled table
ebi-a-GCST90002304,Hematocrit || id:ebi-a-GCST90002304,mediator_id_extracted_from_legacy_exposure,438,-0.014334,0.1151341,0.9009208,scripts/phewas-followup-g2.html from commit 67fe24519222a1d6228d9d722df35569d33319cf; original stored pooled table
ebi-a-GCST90002412,Low density lipoprotein cholesterol levels || id:ebi-a-GCST90002412,mediator_id_extracted_from_legacy_exposure,312,-0.0084623,0.101255,0.9333954,scripts/phewas-followup-g2.html from commit 67fe24519222a1d6228d9d722df35569d33319cf; original stored pooled table
ebi-a-GCST90018944,Aspartate aminotransferase levels || id:ebi-a-GCST90018944,mediator_id_extracted_from_legacy_exposure,243,0.012284,0.173717,0.9436265,scripts/phewas-followup-g2.html from commit 67fe24519222a1d6228d9d722df35569d33319cf; original stored pooled table
ukb-d-30640_raw,Apoliprotein B || id:ukb-d-30640_raw,mediator_id_extracted_from_legacy_exposure,143,0.0210338,0.4763909,0.9647829,scripts/phewas-followup-g2.html from commit 67fe24519222a1d6228d9d722df35569d33319cf; original stored pooled table
