"mediator_id","mediator","mediator_scale","n_exclusion_loci","excluded_locus_snps","n_targets","target_snps","window_bp","mhc_exclusion","exclusion_family","n_outcome_matched_before_harmonisation","n_excluded_region_after_outcome_matching","n_excluded_target_after_outcome_matching","n_excluded_mhc_after_outcome_matching","n_excluded_coordinate_missing_after_outcome_matching","n_excluded_coordinate_mismatch_after_outcome_matching","n_excluded_after_outcome_matching","n_harmonised","n_removed_during_harmonisation","n_harmonisation_missing_outcome","n_harmonisation_palindromic","n_harmonisation_incompatible","n_saved_before_exclusions","n_excluded_target","n_excluded_region","n_excluded_mhc","n_excluded_coordinate_missing","n_excluded_coordinate_mismatch","n_retained_before_outcome_matching","b","se","pval","lo","hi","nsnp","method","status","reason","F_min","F_mean","n_weak_F","family","pval_bh"
"ebi-a-GCST90002304","Hematocrit","Saved GWAS units; specific transformation/unit unavailable",8,"rs15734;rs2131242;rs2312959;rs35604230;rs60541816;rs67274221;rs6733452;rs77155094",1,"rs35604230",1e+06,FALSE,"pooled_mediator_mr",436,7,0,0,0,0,7,366,70,21,70,0,464,0,7,0,0,0,457,0.0327331278548512,0.129175603964758,0.799958949344736,-0.220446403597284,0.285912659306986,366,"IVW (multiplicative random effects)","available","",29.8068233856538,101.526906438424,0,"pooled_mediator_mr",0.954607220563596
"ebi-a-GCST90002346","Mean platelet volume","Saved GWAS units; specific transformation/unit unavailable",8,"rs15734;rs2131242;rs2312959;rs35604230;rs60541816;rs67274221;rs6733452;rs77155094",2,"rs35604230;rs67274221",1e+06,FALSE,"pooled_mediator_mr",478,10,0,0,0,0,10,401,77,39,77,0,528,0,11,0,0,0,517,-0.0396509397666826,0.07433834045017,0.593767247332665,-0.185351409719493,0.106049530186128,401,"IVW (multiplicative random effects)","available","",30.0619662674681,263.620161507832,0,"pooled_mediator_mr",0.923014757557498
"ebi-a-GCST90002381","Eosinophil counts","Saved GWAS units; specific transformation/unit unavailable",8,"rs15734;rs2131242;rs2312959;rs35604230;rs60541816;rs67274221;rs6733452;rs77155094",1,"rs35604230",1e+06,FALSE,"pooled_mediator_mr",376,7,0,0,0,1,8,327,49,44,49,0,428,0,7,0,0,1,420,0.0394809243830047,0.106687495470552,0.711336738865483,-0.169622724340058,0.248584573106067,327,"IVW (multiplicative random effects)","available","",29.8191553095927,121.954859351898,0,"pooled_mediator_mr",0.954607220563596
"ebi-a-GCST90002402","Platelet count","Saved GWAS units; specific transformation/unit unavailable",8,"rs15734;rs2131242;rs2312959;rs35604230;rs60541816;rs67274221;rs6733452;rs77155094",3,"rs15734;rs35604230;rs67274221",1e+06,FALSE,"pooled_mediator_mr",481,8,0,0,0,0,8,405,76,45,76,0,536,0,10,0,0,0,526,0.210767586058847,0.089680153241286,0.0187626010543992,0.0349977155778939,0.386537456539801,405,"IVW (multiplicative random effects)","available","",29.7766021173486,148.568682255955,0,"pooled_mediator_mr",0.0975655254828758
"ebi-a-GCST90002412","Low density lipoprotein cholesterol levels","Saved GWAS units; specific transformation/unit unavailable",8,"rs15734;rs2131242;rs2312959;rs35604230;rs60541816;rs67274221;rs6733452;rs77155094",2,"rs60541816;rs6733452",1e+06,FALSE,"pooled_mediator_mr",305,7,0,0,0,0,7,258,47,45,47,0,357,0,7,0,0,0,350,0.0542980358526912,0.103922813171211,0.601333191263492,-0.149386935134967,0.257983006840349,258,"IVW (multiplicative random effects)","available","",29.8601212979207,292.022201452122,0,"pooled_mediator_mr",0.923014757557498
"ebi-a-GCST90012110","Sex hormone-binding globulin levels adjusted for BMI","Saved GWAS units; specific transformation/unit unavailable",8,"rs15734;rs2131242;rs2312959;rs35604230;rs60541816;rs67274221;rs6733452;rs77155094",1,"rs35604230",1e+06,FALSE,"pooled_mediator_mr",407,6,0,0,0,0,6,335,72,60,72,0,474,0,7,0,0,0,467,-0.318227225492378,0.220840441692601,0.149589609270834,-0.751066537539793,0.114612086555038,335,"IVW (multiplicative random effects)","available","",21.7693765959709,174.348370203107,0,"pooled_mediator_mr",0.553753043240609
"ebi-a-GCST90014015","Urate levels (UKB data field 30880)","Saved GWAS units; specific transformation/unit unavailable",8,"rs15734;rs2131242;rs2312959;rs35604230;rs60541816;rs67274221;rs6733452;rs77155094",1,"rs35604230",1e+06,FALSE,"pooled_mediator_mr",282,2,0,0,0,0,2,241,41,32,41,0,316,0,2,0,0,0,314,-0.184243213968934,0.172432577926039,0.285297633347082,-0.522204856465368,0.153718428527499,241,"IVW (multiplicative random effects)","available","",29.7273538537907,115.145537158299,0,"pooled_mediator_mr",0.741773846702414
"ebi-a-GCST90014023","Type 1 diabetes","Saved GWAS units; specific transformation/unit unavailable",8,"rs15734;rs2131242;rs2312959;rs35604230;rs60541816;rs67274221;rs6733452;rs77155094",1,"rs35604230",1e+06,FALSE,"pooled_mediator_mr",77,4,0,0,0,0,4,65,12,4,12,0,86,0,5,0,0,0,81,-0.0168380101683897,0.0522981838228051,0.747481738800456,-0.119340566917943,0.0856645465811636,65,"IVW (multiplicative random effects)","available","",29.8657201522489,82.4898812034993,0,"pooled_mediator_mr",0.954607220563596
"ebi-a-GCST90018819","Cholelithiasis","Saved GWAS units; specific transformation/unit unavailable",8,"rs15734;rs2131242;rs2312959;rs35604230;rs60541816;rs67274221;rs6733452;rs77155094",3,"rs2131242;rs60541816;rs6733452",1e+06,FALSE,"pooled_mediator_mr",39,6,0,0,0,0,6,34,5,3,5,0,49,0,7,0,0,0,42,0.531552342120227,0.184389108457744,0.00394188688548822,0.170156330401599,0.892948353838855,34,"IVW (multiplicative random effects)","available","",29.9835988311811,65.901087985343,0,"pooled_mediator_mr",0.0503718652635211
"ebi-a-GCST90018943","Alanine aminotransferase levels","Saved GWAS units; specific transformation/unit unavailable",8,"rs15734;rs2131242;rs2312959;rs35604230;rs60541816;rs67274221;rs6733452;rs77155094",1,"rs60541816",1e+06,FALSE,"pooled_mediator_mr",197,4,0,0,0,0,4,159,38,23,38,0,224,0,4,0,0,0,220,0.36629166515268,0.206408715195085,0.0759649505604404,-0.0382619827248708,0.770845313030231,159,"IVW (multiplicative random effects)","available","",29.16,87.4424977100965,0,"pooled_mediator_mr",0.329181452428575
"ebi-a-GCST90018944","Aspartate aminotransferase levels","Saved GWAS units; specific transformation/unit unavailable",8,"rs15734;rs2131242;rs2312959;rs35604230;rs60541816;rs67274221;rs6733452;rs77155094",1,"rs60541816",1e+06,FALSE,"pooled_mediator_mr",239,5,0,0,0,0,5,204,35,23,35,0,269,0,7,0,0,0,262,0.0448147830557844,0.193231539898826,0.816598042675153,-0.333912075823128,0.423541641934697,204,"IVW (multiplicative random effects)","available","",29.0661625708885,76.3960377470687,0,"pooled_mediator_mr",0.954607220563596
"ebi-a-GCST90018974","Total cholesterol levels","Saved GWAS units; specific transformation/unit unavailable",8,"rs15734;rs2131242;rs2312959;rs35604230;rs60541816;rs67274221;rs6733452;rs77155094",1,"rs6733452",1e+06,FALSE,"pooled_mediator_mr",166,4,0,0,0,0,4,144,22,23,22,0,194,0,5,0,0,0,189,0.106147123847265,0.157664446504069,0.500790131502894,-0.202869512943153,0.415163760637683,144,"IVW (multiplicative random effects)","available","",29.0945821854913,191.607368197081,0,"pooled_mediator_mr",0.923014757557498
"ebi-a-GCST90029008","Height","Saved GWAS units; specific transformation/unit unavailable",8,"rs15734;rs2131242;rs2312959;rs35604230;rs60541816;rs67274221;rs6733452;rs77155094",1,"rs60541816",1e+06,FALSE,"pooled_mediator_mr",835,7,0,0,0,0,7,713,122,32,122,0,874,0,7,0,0,0,867,-0.117976396805375,0.0860534804412952,0.170385551766341,-0.286638119214635,0.0506853256038855,713,"IVW (multiplicative random effects)","available","",23.8854681383343,159.068638852574,0,"pooled_mediator_mr",0.553753043240609
"ebi-a-GCST90038635","Thyroid problem (not cancer)","Saved GWAS units; specific transformation/unit unavailable",8,"rs15734;rs2131242;rs2312959;rs35604230;rs60541816;rs67274221;rs6733452;rs77155094",1,"rs35604230",1e+06,FALSE,"pooled_mediator_mr",126,2,0,0,0,0,2,117,9,9,9,0,140,0,5,0,0,0,135,0.548165636702916,1.05546351262098,0.60350964917221,-1.52050483503035,2.61683610843618,117,"IVW (multiplicative random effects)","available","",28.6070309032823,71.8571342541811,0,"pooled_mediator_mr",0.923014757557498
"finn-b-DM_RETINOPATHY","Diabetic retinopathy (DM_RETINOPATHY)","Saved GWAS units; specific transformation/unit unavailable",8,"rs15734;rs2131242;rs2312959;rs35604230;rs60541816;rs67274221;rs6733452;rs77155094",1,"rs35604230",1e+06,FALSE,"pooled_mediator_mr",8,2,0,0,0,0,2,7,1,2,1,0,12,0,2,0,0,0,10,0.00659895577204082,0.149999472465065,0.964909829655706,-0.287394607959495,0.300592519503577,7,"IVW (multiplicative random effects)","available","",32.9113573407202,59.3927296541807,0,"pooled_mediator_mr",0.964909829655706
"finn-b-K11_GALLBILPANC","Disorders of gallbladder, biliary tract and pancreas","Saved GWAS units; specific transformation/unit unavailable",8,"rs15734;rs2131242;rs2312959;rs35604230;rs60541816;rs67274221;rs6733452;rs77155094",2,"rs60541816;rs6733452",1e+06,FALSE,"pooled_mediator_mr",17,6,0,0,0,0,6,17,0,4,0,0,27,0,6,0,0,0,21,0.612453395036618,0.206409624197746,0.00300550226494765,0.207897965546589,1.01700882452665,17,"IVW (multiplicative random effects)","available","",30.7259958382878,55.7710019209788,0,"pooled_mediator_mr",0.0503718652635211
"ieu-a-832","Rheumatoid arthritis","Saved GWAS units; specific transformation/unit unavailable",8,"rs15734;rs2131242;rs2312959;rs35604230;rs60541816;rs67274221;rs6733452;rs77155094",1,"rs35604230",1e+06,FALSE,"pooled_mediator_mr",38,5,0,0,0,0,5,33,5,1,5,0,44,0,5,0,0,0,39,0.164185167477249,0.0623130245829115,0.00841756873310957,0.0420538835269837,0.286316451427515,33,"IVW (multiplicative random effects)","available","",29.8366330458671,79.7884182598945,0,"pooled_mediator_mr",0.0547141967652122
"ieu-b-38","systolic blood pressure","Saved GWAS units; specific transformation/unit unavailable",8,"rs15734;rs2131242;rs2312959;rs35604230;rs60541816;rs67274221;rs6733452;rs77155094",1,"rs35604230",1e+06,FALSE,"pooled_mediator_mr",442,6,0,0,0,0,6,377,65,12,64,0,461,0,7,0,0,0,454,-0.00278306206243041,0.00913463057012747,0.760616319192647,-0.0206866089919588,0.015120484867098,377,"IVW (multiplicative random effects)","available","",29.720498008633,73.3516451633648,0,"pooled_mediator_mr",0.954607220563596
"ieu-b-39","diastolic blood pressure","Saved GWAS units; specific transformation/unit unavailable",8,"rs15734;rs2131242;rs2312959;rs35604230;rs60541816;rs67274221;rs6733452;rs77155094",1,"rs35604230",1e+06,FALSE,"pooled_mediator_mr",441,6,0,0,0,0,6,386,55,13,54,0,460,0,6,0,0,0,454,0.0376238174327761,0.0136407350798957,0.00581213829963705,0.0108884679535285,0.0643591669120236,386,"IVW (multiplicative random effects)","available","",29.7001201350089,75.837001829272,0,"pooled_mediator_mr",0.0503718652635211
"ieu-b-5136","Age at menarche","Saved GWAS units; specific transformation/unit unavailable",8,"rs15734;rs2131242;rs2312959;rs35604230;rs60541816;rs67274221;rs6733452;rs77155094",1,"rs35604230",1e+06,FALSE,"pooled_mediator_mr",446,5,0,0,0,0,5,375,71,17,71,0,468,0,5,0,0,0,463,-0.0730903608908225,0.0828555967336694,0.377700289192749,-0.235484346406389,0.0893036246247441,375,"IVW (multiplicative random effects)","available","",29.5211111111111,84.9155523653355,0,"pooled_mediator_mr",0.818350626584289
"ukb-b-15590","Hip circumference","Saved GWAS units; specific transformation/unit unavailable",8,"rs15734;rs2131242;rs2312959;rs35604230;rs60541816;rs67274221;rs6733452;rs77155094",1,"rs35604230",1e+06,FALSE,"pooled_mediator_mr",400,5,0,0,0,0,5,353,47,15,47,0,420,0,5,0,0,0,415,0.0180172419309364,0.151964582996906,0.905622283694889,-0.279827867668648,0.315862351530521,353,"IVW (multiplicative random effects)","available","",29.747566199459,64.6341065578138,0,"pooled_mediator_mr",0.954607220563596
"ukb-b-18103","Pulse rate, automated reading","Saved GWAS units; specific transformation/unit unavailable",8,"rs15734;rs2131242;rs2312959;rs35604230;rs60541816;rs67274221;rs6733452;rs77155094",1,"rs15734",1e+06,FALSE,"pooled_mediator_mr",275,1,0,0,0,0,1,225,50,15,49,0,291,0,1,0,0,0,290,0.154763951559012,0.155567009088519,0.319815125708308,-0.150141783437099,0.459669686555124,225,"IVW (multiplicative random effects)","available","",29.8520874880848,83.4732129229662,0,"pooled_mediator_mr",0.755926660765093
"ukb-b-19953","Body mass index (BMI)","Saved GWAS units; specific transformation/unit unavailable",8,"rs15734;rs2131242;rs2312959;rs35604230;rs60541816;rs67274221;rs6733452;rs77155094",1,"rs35604230",1e+06,FALSE,"pooled_mediator_mr",439,5,0,0,0,0,5,369,70,14,70,0,458,0,5,0,0,0,453,0.169563446812831,0.140235931059478,0.226612972425252,-0.105293927402187,0.444420821027849,369,"IVW (multiplicative random effects)","available","",29.7607256706637,65.5145053953973,0,"pooled_mediator_mr",0.654659698117395
"ukb-b-20044","Trunk fat mass","Saved GWAS units; specific transformation/unit unavailable",8,"rs15734;rs2131242;rs2312959;rs35604230;rs60541816;rs67274221;rs6733452;rs77155094",1,"rs35604230",1e+06,FALSE,"pooled_mediator_mr",404,3,0,0,0,0,3,344,60,15,60,0,422,0,3,0,0,0,419,0.0821265101731314,0.150245902774935,0.58464396582193,-0.212350048090447,0.37660306843671,344,"IVW (multiplicative random effects)","available","",29.7632189119093,63.8449201684138,0,"pooled_mediator_mr",0.923014757557498
"ukb-d-30040_irnt","Mean corpuscular volume","Saved GWAS units; specific transformation/unit unavailable",8,"rs15734;rs2131242;rs2312959;rs35604230;rs60541816;rs67274221;rs6733452;rs77155094",1,"rs35604230",1e+06,FALSE,"pooled_mediator_mr",328,3,0,0,0,0,3,275,53,45,53,0,377,0,4,0,0,0,373,-0.0126337918502762,0.0852329293022017,0.882163897966456,-0.17968726357944,0.154419679878888,275,"IVW (multiplicative random effects)","available","",30.0744388564559,154.997162283194,0,"pooled_mediator_mr",0.954607220563596
"ukb-d-30640_raw","Apoliprotein B","Saved GWAS units; specific transformation/unit unavailable",8,"rs15734;rs2131242;rs2312959;rs35604230;rs60541816;rs67274221;rs6733452;rs77155094",1,"rs6733452",1e+06,FALSE,"pooled_mediator_mr",142,3,0,0,0,0,3,123,19,25,19,0,170,0,3,0,0,0,167,-0.0487186615969982,0.472583873444288,0.917891558234227,-0.974966033222237,0.877528710028241,123,"IVW (multiplicative random effects)","available","",29.7875506532541,329.659616429554,0,"pooled_mediator_mr",0.954607220563596
