"mediator_id","mediator","legacy_exposure","matching_method","corrected_b","corrected_se","corrected_pval","corrected_nsnp","legacy_b","legacy_se","legacy_pval","legacy_nsnp","delta_b"
"ebi-a-GCST90002304","Hematocrit","Hematocrit || id:ebi-a-GCST90002304","mediator_id",0.0196944982264309,0.128644557711125,0.87832544507543,368,-0.014334,0.1151341,0.9009208,438,0.0340284982264309
"ebi-a-GCST90002346","Mean platelet volume","Mean platelet volume || id:ebi-a-GCST90002346","mediator_id",-0.036992164598759,0.0743449311730607,0.618783765991352,403,-0.0484382,0.0608392,0.4259343,488,0.011446035401241
"ebi-a-GCST90002381","Eosinophil counts","Eosinophil counts || id:ebi-a-GCST90002381","mediator_id",0.0394826182180083,0.10612890302996,0.709874144157658,330,0.0380408,0.0987722,0.7001361,379,0.0014418182180083
"ebi-a-GCST90002402","Platelet count","Platelet count || id:ebi-a-GCST90002402","mediator_id",0.211001852951573,0.0893673657632301,0.0182227048716962,407,0.2073842,0.0791797,0.0088147,489,0.00361765295157265
"ebi-a-GCST90002412","Low density lipoprotein cholesterol levels","Low density lipoprotein cholesterol levels || id:ebi-a-GCST90002412","mediator_id",0.0614892847780307,0.104507192321165,0.556281478030097,260,-0.0084623,0.101255,0.9333954,312,0.0699515847780307
"ebi-a-GCST90012110","Sex hormone-binding globulin levels adjusted for BMI","Sex hormone-binding globulin levels adjusted for BMI || id:ebi-a-GCST90012110","mediator_id",-0.300632255727756,0.2195143112146,0.170832495420836,338,-0.05988,0.19942,0.7639707,410,-0.240752255727756
"ebi-a-GCST90014015","Urate levels (UKB data field 30880)","Urate levels (UKB data field 30880) || id:ebi-a-GCST90014015","mediator_id",-0.178185034634449,0.172094140580857,0.300485505314078,242,-0.1963463,0.1593262,0.2178167,283,0.018161265365551
"ebi-a-GCST90014023","Type 1 diabetes","Type 1 diabetes || id:ebi-a-GCST90014023","mediator_id",-0.0168380101683897,0.0522981838228051,0.747481738800456,65,-0.0273206,0.037826,0.4701273,77,0.0104825898316103
"ebi-a-GCST90018819","Cholelithiasis","Cholelithiasis || id:ebi-a-GCST90018819","mediator_id",0.531552342120227,0.184389108457744,0.00394188688548822,34,0.6672107,0.1509026,9.8e-06,45,-0.135658357879773
"ebi-a-GCST90018943","Alanine aminotransferase levels","Alanine aminotransferase levels || id:ebi-a-GCST90018943","mediator_id",0.296159134779744,0.212508657513312,0.163428377135976,160,0.1804863,0.2023709,0.3724685,199,0.115672834779744
"ebi-a-GCST90018944","Aspartate aminotransferase levels","Aspartate aminotransferase levels || id:ebi-a-GCST90018944","mediator_id",0.00588005768133097,0.196789567955078,0.976162815621558,208,0.012284,0.173717,0.9436265,243,-0.00640394231866903
"ebi-a-GCST90018974","Total cholesterol levels","Total cholesterol levels || id:ebi-a-GCST90018974","mediator_id",0.141815471642759,0.157867936222129,0.369016501725699,146,0.0969667,0.1469436,0.509324,168,0.0448487716427586
"ebi-a-GCST90029008","Height","Height || id:ebi-a-GCST90029008","mediator_id",-0.120452650087396,0.0858415232575363,0.160557816565457,718,-0.0908782,0.0793025,0.2518085,841,-0.0295744500873962
"ebi-a-GCST90038635","Thyroid problem (not cancer)","Thyroid problem (not cancer) || id:ebi-a-GCST90038635","mediator_id",0.548165636702916,1.05546351262098,0.60350964917221,117,0.6534319,1.0261779,0.5242794,126,-0.105266263297084
"finn-b-DM_RETINOPATHY","Diabetic retinopathy (DM_RETINOPATHY)","Diabetic retinopathy (DM_RETINOPATHY) || id:finn-b-DM_RETINOPATHY","mediator_id",0.00659895577204082,0.149999472465065,0.964909829655706,7,-0.019223,0.1456891,0.8950273,8,0.0258219557720408
"finn-b-K11_GALLBILPANC","Disorders of gallbladder, biliary tract and pancreas","Disorders of gallbladder, biliary tract and pancreas || id:finn-b-K11_GALLBILPANC","mediator_id",0.612453395036618,0.206409624197746,0.00300550226494765,17,0.8076294,0.1755103,4.2e-06,23,-0.195176004963382
"ieu-a-832","Rheumatoid arthritis","Rheumatoid arthritis || id:ieu-a-832","mediator_id",0.164185167477249,0.0623130245829115,0.00841756873310957,33,0.1495258,0.0584489,0.0105206,38,0.0146593674772493
"ieu-b-38","systolic blood pressure","systolic blood pressure || id:ieu-b-38","mediator_id",-0.00264073037711817,0.00907330619551196,0.771017748398896,381,-0.0028046,0.008277,0.7347244,446,0.000163869622881829
"ieu-b-39","diastolic blood pressure","diastolic blood pressure || id:ieu-b-39","mediator_id",0.0341453888188703,0.0137389747795005,0.0129444554203894,390,0.0242774,0.0131971,0.0658259,444,0.00986798881887032
"ieu-b-5136","Age at menarche","Age at menarche || id:ieu-b-5136","mediator_id",-0.0706040655246733,0.0828176938248995,0.393923365003829,376,-0.0997302,0.0764315,0.1919504,449,0.0291261344753267
"ukb-b-15590","Hip circumference","Hip circumference || id:ukb-b-15590","mediator_id",0.0210245846585606,0.151921732036984,0.889931491516816,355,0.0417174,0.1423778,0.7695185,403,-0.0206928153414394
"ukb-b-18103","Pulse rate, automated reading","Pulse rate, automated reading || id:ukb-b-18103","mediator_id",0.154763951559012,0.155567009088519,0.319815125708308,225,0.1458582,0.1393721,0.2953126,274,0.00890575155901238
"ukb-b-19953","Body mass index (BMI)","Body mass index (BMI) || id:ukb-b-19953","mediator_id",0.173528670531874,0.140080875226306,0.215428876130995,371,0.161052,0.1310596,0.2191296,441,0.0124766705318739
"ukb-b-20044","Trunk fat mass","Trunk fat mass || id:ukb-b-20044","mediator_id",0.0836793047289675,0.150045218326322,0.577053415867155,346,0.0478869,0.1409581,0.7340642,406,0.0357924047289675
"ukb-d-30040_irnt","Mean corpuscular volume","Mean corpuscular volume || id:ukb-d-30040_irnt","mediator_id",-0.011750021629472,0.0851115590346307,0.89019745742839,277,-0.0399442,0.0767309,0.6026628,330,0.028194178370528
"ukb-d-30640_raw","Apoliprotein B","Apoliprotein B || id:ukb-d-30640_raw","mediator_id",0.0239914446269734,0.475841145418078,0.95978847922441,124,0.0210338,0.4763909,0.9647829,143,0.0029576446269734
