ebi-a-GCST90002346,Mean platelet volume
ebi-a-GCST90018819,Cholelithiasis
ebi-a-GCST90014023,Type 1 diabetes
ebi-a-GCST90002402,Platelet count
finn-b-K11_GALLBILPANC,"Disorders of gallbladder, biliary tract and pancreas"
ebi-a-GCST90002412,Low density lipoprotein cholesterol levels
ebi-a-GCST90018943,Alanine aminotransferase levels
ieu-a-832,Rheumatoid arthritis
ebi-a-GCST90012110,Sex hormone-binding globulin levels adjusted for BMI
ukb-b-15590,Hip circumference
ukb-b-20044,Trunk fat mass
ieu-b-38,systolic blood pressure
ebi-a-GCST90018974,Total cholesterol levels
ukb-b-19953,Body mass index (BMI)
ieu-b-39,diastolic blood pressure
ukb-d-30640_raw,Apoliprotein B
ebi-a-GCST90002381,Eosinophil counts
ebi-a-GCST90014015,Urate levels (UKB data field 30880)
ebi-a-GCST90002304,Hematocrit
ebi-a-GCST90018944,Aspartate aminotransferase levels
ukb-d-30040_irnt,Mean corpuscular volume
finn-b-DM_RETINOPATHY,Diabetic retinopathy (DM_RETINOPATHY)
ebi-a-GCST90029008,Height
ukb-b-18103,"Pulse rate, automated reading"
ebi-a-GCST90038635,Thyroid problem (not cancer)
ieu-b-5136,Age at menarche